<?xml version="1.0" encoding="UTF-8"?>
<openbox_menu>
    <menu id="root-menu" label="OpenBox 3">
        <menu id="1" label="Development">
            <item label="CMake"> <action name="Execute">
                <execute>cmake-gui</execute>
            </action> </item>
            <item label="CMake curses GUI (ccmake)"> <action name="Execute">
                <execute>xterm -e ccmake</execute>
            </action> </item>
            <item label="Doxywizard"> <action name="Execute">
                <execute>doxywizard</execute>
            </action> </item>
            <item label="Geany"> <action name="Execute">
                <execute>geany</execute>
            </action> </item>
            <item label="IDLE (Python IDE)"> <action name="Execute">
                <execute>idle</execute>
            </action> </item>
            <item label="Python"> <action name="Execute">
                <execute>xterm -e python</execute>
            </action> </item>
            <item label="Python (v2.7)"> <action name="Execute">
                <execute>xterm -e python2.7</execute>
            </action> </item>
            <item label="Qt Assistant"> <action name="Execute">
                <execute>assistant</execute>
            </action> </item>
            <item label="Qt Designer"> <action name="Execute">
                <execute>designer</execute>
            </action> </item>
            <item label="Qt Linguist"> <action name="Execute">
                <execute>linguist</execute>
            </action> </item>
            <item label="Qt QDbusViewer"> <action name="Execute">
                <execute>qdbusviewer</execute>
            </action> </item>
            <item label="Qt4 Assistant"> <action name="Execute">
                <execute>assistant-qt4</execute>
            </action> </item>
            <item label="Qt4 Designer"> <action name="Execute">
                <execute>designer-qt4</execute>
            </action> </item>
            <item label="Qt4 Linguist"> <action name="Execute">
                <execute>linguist-qt4</execute>
            </action> </item>
            <item label="Qt4 QDbusViewer"> <action name="Execute">
                <execute>qdbusviewer-qt4</execute>
            </action> </item>
            <item label="Tclsh8.6"> <action name="Execute">
                <execute>xterm -e tclsh8.6</execute>
            </action> </item>
        </menu>
        <menu id="2" label="Editors">
            <item label="AA Fire"> <action name="Execute">
                <execute>xterm -e aafire -driver slang</execute>
            </action> </item>
            <item label="Nano"> <action name="Execute">
                <execute>xterm -e nano</execute>
            </action> </item>
            <item label="Text Editor"> <action name="Execute">
                <execute>gedit</execute>
            </action> </item>
            <item label="Vi"> <action name="Execute">
                <execute>xterm -e vi</execute>
            </action> </item>
        </menu>
        <menu id="18" label="Games">
            <menu id="9" label="Adventure">
                <item label="Sclient"> <action name="Execute">
                    <execute>sclient</execute>
                </action> </item>
            </menu>
            <menu id="10" label="Arcade">
                <item label="PacMan"> <action name="Execute">
                    <execute>pacman</execute>
                </action> </item>
            </menu>
        </menu>
        <menu id="6" label="Graphics">
            <item label="Document Scanner"> <action name="Execute">
                <execute>simple-scan</execute>
            </action> </item>
            <item label="E-book Viewer"> <action name="Execute">
                <execute>ebook-viewer</execute>
            </action> </item>
            <item label="FontForge"> <action name="Execute">
                <execute>fontforge</execute>
            </action> </item>
            <item label="GNU Image Manipulation Program"> <action name="Execute">
                <execute>gimp-2.10</execute>
            </action> </item>
            <item label="Image Viewer"> <action name="Execute">
                <execute>eog</execute>
            </action> </item>
            <item label="LibreOffice Draw"> <action name="Execute">
                <execute>libreoffice --draw</execute>
            </action> </item>
            <item label="LRF Viewer"> <action name="Execute">
                <execute>lrfviewer</execute>
            </action> </item>
            <item label="scanimage"> <action name="Execute">
                <execute>xterm -e scanimage</execute>
            </action> </item>
            <item label="The GIMP"> <action name="Execute">
                <execute>gimp</execute>
            </action> </item>
        </menu>
        <menu id="7" label="Multimedia">
            <item label="ALSA mixer"> <action name="Execute">
                <execute>xterm -e alsamixer</execute>
            </action> </item>
            <item label="Cheese"> <action name="Execute">
                <execute>cheese</execute>
            </action> </item>
            <item label="Clementine"> <action name="Execute">
                <execute>clementine</execute>
            </action> </item>
            <item label="mpv Media Player"> <action name="Execute">
                <execute>mpv</execute>
            </action> </item>
            <item label="Qt V4L2 test Utility"> <action name="Execute">
                <execute>qv4l2</execute>
            </action> </item>
            <item label="Qt V4L2 video capture utility"> <action name="Execute">
                <execute>qvidcap</execute>
            </action> </item>
            <item label="VLC media player"> <action name="Execute">
                <execute>vlc</execute>
            </action> </item>
            <item label="VLC media player"> <action name="Execute">
                <execute>qvlc</execute>
            </action> </item>
        </menu>
        <menu id="5" label="Network">
            <item label="Avahi SSH Server Browser"> <action name="Execute">
                <execute>bssh</execute>
            </action> </item>
            <item label="Avahi VNC Server Browser"> <action name="Execute">
                <execute>bvnc</execute>
            </action> </item>
            <item label="FireFox"> <action name="Execute">
                <execute>firefox</execute>
            </action> </item>
            <item label="FTP"> <action name="Execute">
                <execute>xterm -e ftp</execute>
            </action> </item>
            <item label="Lynx"> <action name="Execute">
                <execute>xterm -e lynx</execute>
            </action> </item>
            <item label="Mail"> <action name="Execute">
                <execute>xterm -e mail</execute>
            </action> </item>
            <item label="Mailspring"> <action name="Execute">
                <execute>mailspring</execute>
            </action> </item>
            <item label="Opera"> <action name="Execute">
                <execute>opera</execute>
            </action> </item>
            <item label="Skype"> <action name="Execute">
                <execute>skypeforlinux</execute>
            </action> </item>
            <item label="Talk"> <action name="Execute">
                <execute>xterm -e talk</execute>
            </action> </item>
            <item label="Telegram Desktop"> <action name="Execute">
                <execute>/home/george/.local/share/TelegramDesktop/Telegram</execute>
            </action> </item>
            <item label="Telnet"> <action name="Execute">
                <execute>xterm -e telnet</execute>
            </action> </item>
            <item label="TkVNC"> <action name="Execute">
                <execute>xterm -e tkvnc</execute>
            </action> </item>
            <item label="Transmission"> <action name="Execute">
                <execute>transmission-gtk</execute>
            </action> </item>
            <item label="Zenmap"> <action name="Execute">
                <execute>zenmap</execute>
            </action> </item>
            <item label="Zenmap (as root)"> <action name="Execute">
                <execute>/usr/share/zenmap/su-to-zenmap.sh</execute>
            </action> </item>
        </menu>
        <menu id="3" label="Office">
            <item label="Calibre"> <action name="Execute">
                <execute>calibre</execute>
            </action> </item>
            <item label="E-book Editor"> <action name="Execute">
                <execute>ebook-edit</execute>
            </action> </item>
            <item label="GnuCash"> <action name="Execute">
                <execute>gnucash</execute>
            </action> </item>
            <item label="LibreOffice Calc"> <action name="Execute">
                <execute>libreoffice --calc</execute>
            </action> </item>
            <item label="LibreOffice Impress"> <action name="Execute">
                <execute>libreoffice</execute>
            </action> </item>
            <item label="LibreOffice Impress"> <action name="Execute">
                <execute>libreoffice --impress</execute>
            </action> </item>
            <item label="LibreOffice Math"> <action name="Execute">
                <execute>libreoffice --math</execute>
            </action> </item>
            <item label="LibreOffice Writer"> <action name="Execute">
                <execute>libreoffice --writer</execute>
            </action> </item>
            <item label="Okular"> <action name="Execute">
                <execute>okular</execute>
            </action> </item>
            <item label="PostgreSQL Database"> <action name="Execute">
                <execute>xterm -e psql template1</execute>
            </action> </item>
        </menu>
        <menu id="4" label="Science">
            <item label="bc"> <action name="Execute">
                <execute>xterm -e bc</execute>
            </action> </item>
            <item label="dc"> <action name="Execute">
                <execute>xterm -e dc</execute>
            </action> </item>
        </menu>
        <menu id="19" label="Shells">
            <item label="Files"> <action name="Execute">
                <execute>nautilus</execute>
            </action> </item>
            <item label="GIT"> <action name="Execute">
                <execute>xterm -e git</execute>
            </action> </item>
            <item label="Oracle VM VirtualBox"> <action name="Execute">
                <execute>VirtualBox</execute>
            </action> </item>
            <item label="Terminal"> <action name="Execute">
                <execute>gnome-terminal</execute>
            </action> </item>
            <item label="UXTerm"> <action name="Execute">
                <execute>uxterm</execute>
            </action> </item>
            <item label="VirtualBox"> <action name="Execute">
                <execute>virtualbox</execute>
            </action> </item>
            <item label="Xterm"> <action name="Execute">
                <execute>xterm</execute>
            </action> </item>
        </menu>
        <menu id="37" label="System">
            <menu id="36" label="Settings">
                <menu id="21" label="GNOME">
                    <item label="Adobe Flash Player"> <action name="Execute">
                        <execute>flash-player-properties</execute>
                    </action> </item>
                    <item label="Advanced Network Configuration"> <action name="Execute">
                        <execute>nm-connection-editor</execute>
                    </action> </item>
                    <item label="Bluetooth Manager"> <action name="Execute">
                        <execute>blueman-manager</execute>
                    </action> </item>
                </menu>
                <menu id="35" label="Xfce">
                    <item label="Bluetooth Adapters"> <action name="Execute">
                        <execute>blueman-adapters</execute>
                    </action> </item>
                </menu>
                <item label="Manage Printing"> <action name="Execute">
                    <execute>xdg-open http://localhost:631/</execute>
                </action> </item>
                <item label="nitrogen"> <action name="Execute">
                    <execute>nitrogen</execute>
                </action> </item>
                <item label="Openbox Configuration Manager"> <action name="Execute">
                    <execute>obconf</execute>
                </action> </item>
                <item label="Print Settings"> <action name="Execute">
                    <execute>system-config-printer</execute>
                </action> </item>
                <item label="Tint2 Settings"> <action name="Execute">
                    <execute>tint2conf</execute>
                </action> </item>
            </menu>
            <item label="Android File Transfer (MTP)"> <action name="Execute">
                <execute>android-file-transfer</execute>
            </action> </item>
            <item label="Avahi Zeroconf Browser"> <action name="Execute">
                <execute>avahi-discover</execute>
            </action> </item>
            <item label="Color Profile Viewer"> <action name="Execute">
                <execute>gcm-viewer</execute>
            </action> </item>
            <item label="GDM flexiserver"> <action name="Execute">
                <execute>gdmflexiserver</execute>
            </action> </item>
            <item label="GDM flexiserver in Xnest"> <action name="Execute">
                <execute>gdmflexiserver -n</execute>
            </action> </item>
            <item label="GNOME System Monitor"> <action name="Execute">
                <execute>gnome-system-monitor</execute>
            </action> </item>
            <item label="GParted"> <action name="Execute">
                <execute>gparted</execute>
            </action> </item>
            <item label="Grsync"> <action name="Execute">
                <execute>grsync</execute>
            </action> </item>
            <item label="HPLIP File printing"> <action name="Execute">
                <execute>hp-print</execute>
            </action> </item>
            <item label="Htop"> <action name="Execute">
                <execute>xterm -e htop</execute>
            </action> </item>
            <item label="Power Statistics"> <action name="Execute">
                <execute>gnome-power-statistics</execute>
            </action> </item>
            <item label="pstree"> <action name="Execute">
                <execute>xterm -e pstree.x11</execute>
            </action> </item>
            <item label="pstree"> <action name="Execute">
                <execute>xterm -e /usr/bin/pstree.x11</execute>
            </action> </item>
            <item label="pstree"> <action name="Execute">
                <execute>xterm -e pstree</execute>
            </action> </item>
            <item label="Settings"> <action name="Execute">
                <execute>gnome-control-center</execute>
            </action> </item>
            <item label="Tint2"> <action name="Execute">
                <execute>tint2</execute>
            </action> </item>
            <item label="Top"> <action name="Execute">
                <execute>xterm -e top</execute>
            </action> </item>
        </menu>
        <menu id="38" label="Utilities">
            <item label="Archive Manager"> <action name="Execute">
                <execute>file-roller</execute>
            </action> </item>
            <item label="Calculator"> <action name="Execute">
                <execute>gnome-calculator</execute>
            </action> </item>
            <item label="HP Device Manager"> <action name="Execute">
                <execute>hp-toolbox</execute>
            </action> </item>
            <item label="Info"> <action name="Execute">
                <execute>xterm -e info</execute>
            </action> </item>
            <item label="Mouse Server for linux"> <action name="Execute">
                <execute>mouseserver</execute>
            </action> </item>
            <item label="Tweaks"> <action name="Execute">
                <execute>gnome-tweaks</execute>
            </action> </item>
            <item label="Xev"> <action name="Execute">
                <execute>xterm -e xev</execute>
            </action> </item>
            <item label="Xkill"> <action name="Execute">
                <execute>xkill</execute>
            </action> </item>
            <item label="Xrefresh"> <action name="Execute">
                <execute>xrefresh</execute>
            </action> </item>
            <item label="Xsetroot"> <action name="Execute">
                <execute>xsetroot</execute>
            </action> </item>
        </menu>
        <separator/>
        <menu id="40" label="OpenBox">
            <menu id="client-list-menu"/>
            <item label="Reconfigure"> <action name="Reconfigure"/> </item>
            <separator/>
            <item label="Exit"> <action name="Exit"/> </item>
        </menu>
    </menu>
</openbox_menu>
