<?xml version="1.0" encoding="UTF-8"?>

<openbox_menu xmlns="http://openbox.org/3.4/menu">

<menu id="apps-accessories-menu" label="Accessories">
  <item label="Calculator">
    <action name="Execute">
      <command>gnome-calculator</command>
      <startupnotify>
        <enabled>yes</enabled>
      </startupnotify>
    </action>
  </item>
  <item label="Character Map">
    <action name="Execute">
      <command>gnome-character-map</command>
      <startupnotify>
        <enabled>yes</enabled>
      </startupnotify>
    </action>
  </item>
  <item label="E-book Viewer">
    <action name="Execute">
      <command>ebook-viewer</command>
    </action> </item>
</menu>

<menu id="apps-editors-menu" label="Text Editors">
  <item label="Geany">
    <action name="Execute">
      <command>geany</command>
      <startupnotify>
        <enabled>yes</enabled>
      </startupnotify>
    </action>
  </item>
  <item label="Nano">
    <action name="Execute">
      <command>xterm -e nano</command>
      <startupnotify>
        <enabled>yes</enabled>
      </startupnotify>
    </action>
  </item>
  <item label="GEdit">
    <action name="Execute">
      <command>gedit</command>
      <startupnotify>
        <enabled>yes</enabled>
      </startupnotify>
    </action>
  </item>
</menu>

<menu id="apps-term-menu" label="Terminals">
  <item label="Gnome Terminal">
    <action name="Execute">
      <command>gnome-terminal</command>
      <startupnotify>
        <enabled>yes</enabled>
      </startupnotify>
    </action>
  </item>
  <item label="Xterm">
    <action name="Xterm">
      <command>xterm</command>
    </action>
  </item>
</menu>

<menu id="apps-net-menu" label="Internet">
  <item label="Firefox">
    <action name="Execute">
      <command>firefox</command>
      <startupnotify>
        <enabled>yes</enabled>
        <wmclass>Firefox</wmclass>
      </startupnotify>
    </action>
  </item>
  <item label="Opera">
    <action name="Execute">
      <command>opera</command>
      <startupnotify>
        <enabled>yes</enabled>
        <wmclass>Opera</wmclass>
      </startupnotify>
    </action>
  </item>
  <separator />
  <separator />
  <item label="Transmission">
    <action name="Execute">
      <command>transmission-gtk</command>
      <startupnotify>
        <enabled>yes</enabled>
        <wmclass>Opera</wmclass>
      </startupnotify>
    </action>
  </item>
</menu>

<menu id="virtual-systems" label="Virtual Systems">
  <item label="Oracle VM VirtualBox">
    <action name="Execute">
      <command>VirtualBox</command>
      <startupnotify>
        <enabled>yes</enabled>
        <wmclass>VirtualBox</wmclass>
      </startupnotify>
    </action>
  </item>
</menu>

<menu id="apps-office-menu" label="Office">
  <item label="OpenOffice writer">
    <action name="Execute">
      <command>libreoffice --writer</command>
    </action>
  </item>
  <item label="OpenOffice calc">
    <action name="Execute">
      <command>libreoffice --calc</command>
    </action>
  </item>
<separator />
<separator />
  <item label="Okular pdf reader">
    <action name="Execute">
      <command>okular</command>
    </action>
  </item>
  <item label="Calibre epubrReader">
    <action name="Execute">
      <command>calibre</command>
    </action>
  </item>
  <item label="OpenOffice math">
    <action name="Execute">
      <command>libreoffice --math</command>
    </action>
  </item>
<separator />
<separator />
  <item label="OpenOffice base">
    <action name="Execute">
      <command>libreoffice --base</command>
    </action>
  </item>
  <item label="OpenOffice impress">
    <action name="Execute">
      <command>libreoffice --impress</command>
    </action>
  </item>
<separator />
<separator />
  <item label="GNU Cash">
    <action name="Execute">
      <command>gnucash</command>
    </action>
  </item>
</menu>

<menu id="apps-multimedia-menu" label="Multimedia">
  <item label="VLC player">
    <action name="Execute">
      <command>vlc</command>
      <startupnotify>
        <enabled>yes</enabled>
      </startupnotify>
    </action>
  </item>
  <item label="Clementine"> 
    <action name="Execute">
      <command>clementine</command>
    </action> </item>
  <item label="MPV Player">
    <action name="Execute">
      <command>mpv</command>
      <startupnotify>
        <enabled>yes</enabled>
        <wmclass>MPlayer</wmclass>
      </startupnotify>
    </action>
  </item>
</menu>

<menu id="apps-fileman-menu" label="File Managers">
  <item label="Nautilus">
    <action name="Execute">
      <command>nautilus --no-desktop --browser</command>
      <startupnotify>
        <enabled>yes</enabled>
      </startupnotify>
    </action>
  </item>
</menu>

<menu id="apps-graphics-menu" label="Graphics">
  <item label="Image Viewer"> 
    <action name="Execute">
       <command>eog</command>
    </action> 
  </item>
  <item label="Gimp">
    <action name="Execute">
      <command>gimp</command>
      <startupnotify>
        <enabled>yes</enabled>
      </startupnotify>
    </action>
  </item>
  <item label="OpenOffice Draw">
    <action name="Execute">
      <command>ooffice -draw</command>
    </action>
  </item>
  <item label="Document Scanner"> 
    <action name="Execute">
      <command>simple-scan</command>
    </action> 
  </item>
</menu>

<menu id="openbox-settings" label="Settings">
  <item label="LX Appearance Theme manager"> <action name="Execute">
         <command>lxappearance</command>
     </action> </item>
  <item label="Openbox Configuration Manager"> <action name="Execute">
         <command>obconf</command>
     </action> </item>
 <separator />
  <item label="Tint2 Settings"> <action name="Execute">
         <command>tint2conf</command>
     </action> </item>
  <item label="nitrogen"> <action name="Execute">
         <command>nitrogen</command>
     </action> </item>
  <item label="Conky"> <action name="Execute">
         <command>conky</command>
     </action> </item>
 <separator />
 <separator />
  <item label="Reconfigure Openbox">
    <action name="Reconfigure" />
  </item>
</menu

<menu id="system-admin" label="Admin">
  <item label="Advanced Network Configuration">
    <action name="Execute">
      <command>nm-connection-editor</command>
    </action> </item>
  <item label="Bluetooth Manager"> <action name="Execute">
      <command>blueman-manager</command>
  </action> </item>
 <separator />
 <separator />
  <item label="GParted"> <action name="Execute">
      <command>gparted</command>
    </action> </item>
  <item label="Grsync"> <action name="Execute">
      <command>grsync</command>
    </action> </item>
  <item label="Htop"> <action name="Execute">
      <command>xterm -e htop</command>
    </action> </item>
</menu>

<menu id="printing" label="Printers">
  <item label="HP Device Manager"> <action name="Execute">
        <command>hp-toolbox</command>
     </action> </item>
  <item label="Manage Cups Printers">
    <action name="Execute">
      <command>xdg-open http://localhost:631/</command>
      <startupnotify>
        <enabled>no</enabled>
        <icon>cups</icon>
      </startupnotify>
    </action>
  </item>
  <item label="OpenOffice Printer Administration">
    <action name="Execute">
      <command>ooffice-printeradmin</command>
    </action>
  </item>
  <item label="Print Settings"> <action name="Execute">
         <command>system-config-printer</command>
     </action> </item>
  <item label="HPLIP File printing"> <action name="Execute">
      <command>hp-print</command>
    </action> </item>
</menu>

<menu id="root-menu" label="Openbox 3">
# <separator label="Applications" />
    <menu id="apps-net-menu"/>
    <menu id="apps-multimedia-menu"/>
    <menu id="apps-office-menu"/>
    <menu id="apps-graphics-menu"/>
    <menu id="virtual-systems"/>
    <menu id="apps-accessories-menu"/>
#
  <separator label="files" />
    <menu id="apps-fileman-menu"/>
    <menu id="apps-editors-menu"/>
    <menu id="apps-term-menu"/>
#
  <separator label="Openbox" />
    <menu id="printing"/>
    <menu id="system-admin"/>
    <menu id="openbox-settings"/>
#
  <separator label="Session" />
  <item label="Log Out">
    <action name="Exit">
      <prompt>yes</prompt>
    </action>
  </item>
<item label="Reboot">
    <action name="Execute">
        <prompt>Are you sure you want to reboot?</prompt>
        <execute>shutdown -r now</execute>
    </action>  </item>
<item label="Shutdown">
    <action name="Execute">
        <prompt>Are you sure you want to shutdown?</prompt>
        <execute>shutdown -h now</execute>
    </action>  </item>
</menu>

</openbox_menu>

